DESTINO,SEXO,INGRESO_$,ENDEUDAMIENTO,PROGRAMA,EDAD_AÑO,MONTO_OTORGADO_$,FINANCIAMIENTO_INMUEBLE,Plazo_MESES
Construcción de vivienda,F,697.00,36.93,Clase social,18,"32,333.00",97%,360
Construcción de vivienda,F,"1,136.00",40.98,Clase social,18,"25,926.00",85%,240
Construcción de vivienda,F,"1,183.00",40.96,Clase social,18,"48,148.00",55%,360
Construcción de vivienda,F,647.00,41.87,Clase social,23,"21,111.00",95%,240
Construcción de vivienda,M,"2,506.00",39.28,Clase media,24,"78,685.00",81%,360
Construcción de vivienda,F,"1,229.00",34.21,Clase social,24,"30,333.00",90%,360
Construcción de vivienda,M,"1,150.00",52.08,Clase social,24,"31,473.00",95%,360
Construcción de vivienda,M,570.00,38.20,Clase social,24,"30,717.00",95%,360
Construcción de vivienda,M,"1,394.00",53.00,Clase social,24,"25,926.00",85%,240
Construcción de vivienda,F,"2,485.00",33.99,Clase social,24,"29,630.00",97%,360
Compra de vivienda,M,"3,741.00",33.32,Clase media,24,"148,148.00",71%,360
Construcción de vivienda,F,"2,494.00",33.24,Clase social,25,"48,148.00",100%,360
Construcción de vivienda,F,845.00,30.73,Clase social,25,"48,148.00",100%,360
Construcción de vivienda,M,889.00,32.28,Clase social,25,"48,148.00",100%,360
Construcción de vivienda,M,"2,302.00",38.28,Clase social,25,"32,222.00",96%,360
Construcción de vivienda,F,748.00,41.32,Clase social,25,"34,130.00",97%,360
Construcción de vivienda,F,778.00,50.65,Clase social,25,"31,667.00",95%,300
Construcción de vivienda,M,653.00,36.09,Clase social,25,"31,667.00",95%,360
Construcción de vivienda,F,926.00,33.07,Clase social,25,"48,148.00",100%,360
Construcción de vivienda,M,826.00,51.52,Clase social,25,"25,926.00",85%,240
Compra de vivienda,F,"2,024.00",28.46,Clase social,25,"27,778.00",79%,360
Compra de vivienda,F,"1,067.00",33.26,Clase social,25,"47,222.00",43%,360
Compra de vivienda,F,"1,370.00",41.86,Clase media,26,"42,101.00",95%,360
Construcción de vivienda,M,"1,463.00",50.88,Clase social,26,"30,333.00",90%,240
Construcción de vivienda,M,"1,665.00",53.61,Clase social,26,"28,148.00",95%,240
Construcción de vivienda,M,703.00,45.82,Clase social,26,"30,752.00",95%,300
Construcción de vivienda,M,"1,328.00",46.51,Clase social,26,"29,630.00",89%,240
Compra de vivienda,M,"2,381.00",37.54,Clase media,26,"117,500.00",90%,360
Construcción de vivienda,M,779.00,31.66,Clase media,26,"148,148.00",89%,360
Construcción de vivienda,F,"1,345.00",53.48,Clase social,26,"34,130.00",97%,360
Construcción de vivienda,M,"1,481.00",37.31,Clase social,26,"33,778.00",96%,360
Construcción de vivienda,M,"1,862.00",53.65,Clase social,26,"25,926.00",85%,240
Construcción de vivienda,M,"1,891.00",33.88,Clase social,26,"32,000.00",95%,360
Construcción de vivienda,M,"1,761.00",31.47,Clase social,26,"29,630.00",97%,360
Construcción de vivienda,F,964.00,40.70,Clase social,26,"48,148.00",74%,360
Compra de vivienda,F,"1,940.00",44.54,Clase media,26,"80,741.00",50%,360
Construcción de vivienda,M,"2,382.00",30.97,Clase social,27,"32,693.00",97%,360
Construcción de vivienda,F,"1,333.00",26.39,Clase social,27,"48,148.00",100%,360
Construcción de vivienda,F,"2,183.00",31.25,Clase social,27,"33,833.00",96%,360
Construcción de vivienda,F,637.00,32.37,Clase social,27,"30,333.00",90%,360
Construcción de vivienda,F,"2,444.00",33.83,Clase social,27,"31,086.00",92%,360
Construcción de vivienda,F,644.00,43.29,Clase social,27,"32,019.00",95%,240
Construcción de vivienda,M,"2,068.00",49.71,Clase social,27,"27,222.00",82%,360
Construcción de vivienda,M,"1,528.00",39.20,Clase social,27,"31,667.00",90%,360
Construcción de vivienda,M,"2,378.00",44.80,Clase social,27,"30,752.00",95%,360
Construcción de vivienda,M,"2,170.00",25.06,Clase media,27,"60,380.00",93%,360
Construcción de vivienda,F,"1,466.00",43.31,Clase social,27,"22,222.00",69%,360
Construcción de vivienda,F,"1,168.00",35.34,Clase social,27,"31,593.00",97%,360
Compra de vivienda,M,"1,025.00",48.34,Clase social,27,"47,037.00",100%,365
Construcción de vivienda,F,608.00,28.82,Clase social,27,"25,926.00",85%,240
Construcción de vivienda,F,"1,475.00",55.08,Clase social,27,"25,926.00",85%,240
Construcción de vivienda,F,946.00,38.97,Clase social,27,"40,419.00",84%,360
Construcción de vivienda,F,"1,064.00",29.23,Clase social,27,"32,423.00",97%,360
Construcción de vivienda,F,"1,139.00",29.46,Clase media,27,"56,667.00",90%,366
Construcción de vivienda,F,833.00,37.81,Clase social,27,"48,148.00",100%,360
Compra de vivienda,M,"5,016.00",26.45,Clase media,27,"89,115.00",54%,360
Compra de vivienda,F,"1,481.00",34.82,Clase media,27,"63,881.00",71%,360
Compra de vivienda,M,"1,735.00",26.97,Clase media,27,"57,037.00",55%,360
Compra de vivienda,F,"3,281.00",29.30,Clase media,27,"144,910.00",72%,360
Compra de vivienda,F,"1,043.00",44.70,Clase social,28,"42,519.00",100%,360
Construcción de vivienda,M,"5,016.00",29.45,Clase media,28,"89,115.00",85%,369
Construcción de vivienda,M,858.00,43.13,Clase media,28,"59,259.00",90%,360
Construcción de vivienda,F,816.00,53.02,Clase social,28,"48,148.00",100%,360
Compra de vivienda,F,991.00,41.82,Clase social,28,"30,444.00",97%,240
Construcción de vivienda,F,"1,037.00",44.38,Clase social,28,"48,148.00",100%,360
Construcción de vivienda,F,"1,618.00",42.99,Clase social,28,"48,147.00",100%,360
Compra de vivienda,M,"1,244.00",49.65,Clase media,28,"19,074.00",56%,360
Construcción de vivienda,F,651.00,48.22,Clase social,28,"32,333.00",97%,360
Construcción de vivienda,M,"2,155.00",43.08,Clase social,28,"30,752.00",95%,240
Construcción de vivienda,F,"1,551.00",47.16,Clase social,28,"32,693.00",94%,360
Construcción de vivienda,M,686.00,49.07,Clase social,28,"30,752.00",95%,240
Construcción de vivienda,F,"1,728.00",46.25,Clase social,28,"31,667.00",95%,360
Construcción de vivienda,F,605.00,49.29,Clase social,28,"30,333.00",90%,240
Construcción de vivienda,F,844.00,54.31,Clase social,28,"48,148.00",100%,360
Construcción de vivienda,M,"1,593.00",78.71,Clase media,28,"61,939.00",95%,360
Construcción de vivienda,M,608.00,48.56,Clase social,28,"34,130.00",97%,360
Construcción de vivienda,F,"1,618.00",34.56,Clase social,28,"27,778.00",97%,360
Construcción de vivienda,F,"1,024.00",34.53,Clase social,28,"34,130.00",97%,360
Construcción de vivienda,F,"1,995.00",28.62,Clase social,28,"27,778.00",88%,360
Compra de vivienda,F,"1,546.00",28.94,Clase media,28,"111,111.00",98%,360
Compra de vivienda,M,"1,730.00",32.89,Clase media,28,"24,444.00",62%,240
Construcción de vivienda,M,757.00,53.91,Clase social,28,"25,926.00",85%,240
Construcción de vivienda,M,"1,746.00",32.45,Clase social,28,"25,926.00",85%,240
Construcción de vivienda,F,"2,066.00",32.81,Clase social,28,"25,926.00",85%,240
Construcción de vivienda,M,"1,467.00",38.04,Clase social,28,"25,926.00",85%,240
Construcción de vivienda,M,"1,636.00",54.10,Clase social,28,"14,815.00",67%,156
Construcción de vivienda,M,"2,286.00",45.03,Clase social,28,"32,821.00",97%,360
Construcción de vivienda,M,"1,037.00",26.42,Clase social,28,"48,148.00",100%,360
Construcción de vivienda,M,"3,519.00",38.89,Clase media,28,"147,101.00",50%,360
Construcción de vivienda,F,"1,015.00",53.42,Clase social,28,"48,148.00",100%,360
Compra de vivienda,M,796.00,50.35,Clase media,28,"48,148.00",100%,360
Construcción de vivienda,F,"1,583.00",35.34,Clase media,28,"109,145.00",86%,360
Construcción de vivienda,F,"2,465.00",33.84,Clase social,28,"47,407.00",100%,360
Construcción de vivienda,F,"1,194.00",31.96,Clase social,28,"45,556.00",91%,336
Construcción de vivienda,M,"1,037.00",25.14,Clase social,28,"48,148.00",95%,360
Construcción de vivienda,M,"1,333.00",25.39,Clase social,28,"48,148.00",81%,360
Construcción de vivienda,M,"1,052.00",28.76,Clase social,28,"48,148.00",40%,360
Compra de vivienda,M,"3,519.00",37.89,Clase media,28,"147,101.00",44%,360
Compra de vivienda,M,"1,089.00",30.36,Clase social,28,"48,148.00",63%,360
Compra de vivienda,F,"1,718.00",22.55,Clase media,28,"48,148.00",43%,360
Compra de vivienda,M,"1,376.00",71.48,Clase media,28,"85,185.00",78%,360
Compra de vivienda,M,815.00,38.57,Clase social,28,"37,037.00",83%,360
Compra de vivienda,M,"4,444.00",50.99,Clase media,28,"147,702.00",74%,360
Compra de vivienda,M,759.00,41.65,Clase social,28,"38,519.00",81%,240
Construcción de vivienda,F,"1,258.00",53.39,Clase social,29,"48,140.00",100%,360
Construcción de vivienda,F,"2,520.00",34.12,Clase media,29,"40,292.00",90%,360
Construcción de vivienda,M,"2,062.00",29.97,Clase media,29,"40,000.00",89%,360
Compra de vivienda,M,"1,063.00",28.49,Clase media,29,"43,333.00",76%,360
Compra de vivienda,F,707.00,34.88,Clase social,29,"32,333.00",96%,360
Construcción de vivienda,M,"1,923.00",37.42,Clase social,29,"30,310.00",90%,240
Construcción de vivienda,M,981.00,49.85,Clase social,29,"48,148.00",100%,360
Construcción de vivienda,M,"1,030.00",25.79,Clase media,29,"48,148.00",100%,360
Construcción de vivienda,F,963.00,41.11,Clase social,29,"48,148.00",100%,360
Construcción de vivienda,M,819.00,32.56,Clase social,29,"48,148.00",100%,360
Construcción de vivienda,F,852.00,37.97,Clase social,29,"48,102.00",100%,360
Construcción de vivienda,F,"1,778.00",38.68,Clase social,29,"32,333.00",97%,360
Construcción de vivienda,M,"1,483.00",33.40,Clase social,29,"31,253.00",94%,360
Construcción de vivienda,F,598.00,32.28,Clase social,29,"30,000.00",90%,360
Construcción de vivienda,M,"1,242.00",51.90,Clase social,29,"32,333.00",97%,360
Construcción de vivienda,M,"1,180.00",47.95,Clase social,29,"30,333.00",90%,360
Construcción de vivienda,M,"1,872.00",36.63,Clase social,29,"32,333.00",97%,360
Construcción de vivienda,M,"1,815.00",34.16,Clase social,29,"31,473.00",95%,360
Construcción de vivienda,M,"1,208.00",43.15,Clase social,29,"31,473.00",95%,360
Construcción de vivienda,M,"1,714.00",32.09,Clase social,29,"30,333.00",90%,360
Construcción de vivienda,M,"1,223.00",42.35,Clase social,29,"33,591.00",97%,360
Construcción de vivienda,M,"1,373.00",52.20,Clase social,29,"34,130.00",97%,360
Construcción de vivienda,M,"1,259.00",83.43,Clase media,29,"80,742.00",90%,360
Construcción de vivienda,M,"1,481.00",32.82,Clase media,29,"63,881.00",90%,360
Construcción de vivienda,M,"1,493.00",48.38,Clase social,29,"33,333.00",97%,360
Construcción de vivienda,M,"2,351.00",38.18,Clase social,29,"29,907.00",95%,360
Construcción de vivienda,F,"1,277.00",37.30,Clase social,29,"24,778.00",97%,360
Construcción de vivienda,F,"1,486.00",36.70,Clase social,29,"34,130.00",97%,360
Construcción de vivienda,F,567.00,44.86,Clase social,29,"32,693.00",97%,360
Construcción de vivienda,F,"2,385.00",45.05,Clase social,29,"33,778.00",96%,360
Construcción de vivienda,M,686.00,29.91,Clase media,29,"40,370.00",89%,360
Construcción de vivienda,F,"1,481.00",33.99,Clase media,29,"50,000.00",97%,360
Construcción de vivienda,M,"2,144.00",50.48,Clase social,29,"25,926.00",85%,240
Construcción de vivienda,M,"1,808.00",42.90,Clase social,29,"34,130.00",97%,360
Construcción de vivienda,F,"1,014.00",29.74,Clase social,29,"32,019.00",95%,360
Construcción de vivienda,M,"1,356.00",51.06,Clase social,29,"32,693.00",97%,360
Construcción de vivienda,F,"1,716.00",51.44,Clase social,29,"32,693.00",97%,360
Construcción de vivienda,M,"1,052.00",25.76,Clase social,29,"48,148.00",100%,360
Construcción de vivienda,M,974.00,28.65,Clase social,29,"29,630.00",97%,360
Construcción de vivienda,M,537.00,54.78,Clase social,29,"32,069.00",97%,360
Construcción de vivienda,F,"1,408.00",33.25,Clase social,29,"48,148.00",100%,360
Construcción de vivienda,M,"1,321.00",30.79,Clase media,29,"69,333.00",89%,360
Construcción de vivienda,M,926.00,26.63,Clase social,29,"48,148.00",100%,360
Construcción de vivienda,F,946.00,36.97,Clase social,29,"40,419.00",48%,360
Construcción de vivienda,F,"1,123.00",25.16,Clase social,29,"48,148.00",97%,360
Construcción de vivienda,M,"1,285.00",25.92,Clase social,29,"48,148.00",66%,360
Construcción de vivienda,M,"2,683.00",57.84,Clase media,29,"118,519.00",78%,360
Compra de vivienda,M,918.00,44.96,Clase social,29,"48,143.00",45%,360
Compra de vivienda,M,845.00,28.73,Clase social,29,"48,148.00",86%,360
Compra de vivienda,M,"2,239.00",42.55,Clase media,29,"80,926.00",98%,360
Compra de vivienda,M,773.00,48.74,Clase social,29,"46,296.00",100%,288
Compra de vivienda,F,"3,222.00",49.73,Clase media,29,"148,131.00",41%,360
Compra de vivienda,M,"1,167.00",28.88,Clase media,29,"48,148.00",91%,360
Compra de vivienda,F,"1,845.00",40.50,Clase media,29,"98,939.00",76%,360
Construcción de vivienda,F,649.00,47.77,Clase social,30,"48,148.00",100%,360
Compra de vivienda,F,"1,111.00",37.98,Clase social,30,"48,145.00",100%,360
Compra de vivienda,F,"2,212.00",54.40,Clase media,30,"31,481.00",48%,360
Construcción de vivienda,M,"2,040.00",49.13,Clase media,30,"44,798.00",89%,360
Construcción de vivienda,M,948.00,29.32,Clase social,30,"48,148.00",100%,360
Construcción de vivienda,F,893.00,40.60,Clase social,30,"48,148.00",100%,360
Construcción de vivienda,F,"2,475.00",34.90,Clase media,30,"35,333.00",90%,360
Compra de vivienda,F,"1,938.00",52.95,Clase media,30,"33,333.00",52%,360
Construcción de vivienda,M,"1,614.00",52.77,Clase social,30,"32,584.00",97%,360
Construcción de vivienda,M,"1,667.00",44.74,Clase media,30,"96,112.00",98%,360
Construcción de vivienda,F,963.00,36.40,Clase social,30,"48,148.00",100%,360
Construcción de vivienda,F,948.00,39.79,Clase social,30,"48,148.00",100%,365
Construcción de vivienda,F,921.00,54.20,Clase media,30,"64,815.00",97%,360
Compra de vivienda,F,"1,222.00",22.91,Clase social,30,"31,481.00",70%,240
Construcción de vivienda,F,"1,019.00",49.80,Clase media,30,"45,185.00",90%,360
Construcción de vivienda,M,809.00,48.14,Clase media,30,"54,963.00",90%,360
Construcción de vivienda,F,"1,259.00",35.57,Clase social,30,"31,101.00",92%,360
Construcción de vivienda,M,"1,823.00",41.17,Clase social,30,"32,333.00",97%,360
Construcción de vivienda,F,744.00,53.83,Clase social,30,"27,407.00",93%,360
Construcción de vivienda,F,774.00,38.00,Clase social,30,"32,333.00",97%,360
Construcción de vivienda,M,"1,717.00",30.86,Clase social,30,"32,019.00",95%,240
Construcción de vivienda,M,"1,541.00",28.89,Clase social,30,"26,530.00",95%,240
Construcción de vivienda,F,"1,066.00",35.74,Clase social,30,"32,019.00",95%,360
Construcción de vivienda,F,"2,056.00",35.67,Clase social,30,"32,019.00",95%,360
Construcción de vivienda,F,"1,066.00",44.66,Clase social,30,"32,333.00",97%,360
Construcción de vivienda,F,606.00,36.44,Clase social,30,"33,411.00",97%,240
Construcción de vivienda,M,902.00,48.43,Clase social,30,"32,333.00",97%,360
Compra de vivienda,M,"1,395.00",36.38,Clase media,30,"34,817.00",90%,360
Compra de vivienda,M,"2,414.00",44.08,Clase social,30,"32,019.00",95%,240
Compra de vivienda,M,"2,289.00",33.79,Clase social,30,"32,019.00",95%,360
Compra de vivienda,M,817.00,48.08,Clase social,30,"48,148.00",100%,360
Construcción de vivienda,F,"1,923.00",31.70,Clase social,30,"34,130.00",97%,360
Compra de vivienda,M,"1,507.00",38.85,Clase media,30,"40,741.00",56%,360
Construcción de vivienda,M,636.00,29.06,Clase social,30,"32,333.00",97%,360
Construcción de vivienda,M,"2,778.00",44.56,Clase media,30,"148,148.00",98%,360
Construcción de vivienda,F,"1,995.00",50.98,Clase social,30,"25,926.00",85%,264
Construcción de vivienda,M,"2,109.00",35.64,Clase social,30,"25,926.00",85%,240
Construcción de vivienda,F,"1,963.00",52.93,Clase social,30,"25,926.00",85%,264
Construcción de vivienda,F,573.00,54.97,Clase social,30,"25,926.00",85%,240
Construcción de vivienda,M,832.00,30.26,Clase social,30,"25,926.00",85%,240
Construcción de vivienda,M,"2,277.00",29.65,Clase social,30,"32,019.00",95%,360
Construcción de vivienda,M,"2,231.00",40.56,Clase social,30,"32,019.00",95%,240
Construcción de vivienda,M,"1,205.00",40.06,Clase media,30,"48,148.00",100%,360
Construcción de vivienda,F,"1,111.00",45.73,Clase social,30,"48,148.00",100%,360
Construcción de vivienda,F,852.00,33.46,Clase social,30,"48,148.00",100%,360
Construcción de vivienda,M,"1,296.00",53.50,Clase social,30,"48,148.00",100%,360
Construcción de vivienda,M,"2,170.00",46.80,Clase social,30,"48,148.00",100%,360
Construcción de vivienda,F,"1,111.00",42.40,Clase social,30,"48,148.00",51%,264
Construcción de vivienda,M,"1,408.00",33.25,Clase social,30,"48,148.00",69%,360
Construcción de vivienda,M,"1,025.00",48.34,Clase social,30,"47,037.00",97%,360
Compra de vivienda,F,"1,252.00",42.25,Clase social,30,"48,148.00",91%,360
Compra de vivienda,F,"3,468.00",23.37,Clase media,30,"110,546.00",82%,306
Compra de vivienda,M,"2,851.00",35.64,Clase media,30,"127,723.00",65%,360
Compra de vivienda,F,"1,260.00",46.90,Clase media,30,"61,481.00",47%,360
Compra de vivienda,F,"1,037.00",25.89,Clase social,30,"48,148.00",59%,336
Compra de vivienda,F,"1,647.00",35.52,Clase media,30,"85,351.00",52%,360
Compra de vivienda,F,"2,125.00",29.80,Clase social,31,"31,667.00",94%,360
Construcción de vivienda,M,926.00,28.10,Clase social,31,"48,148.00",100%,360
Construcción de vivienda,F,"1,366.00",34.48,Clase social,31,"34,130.00",97%,360
Construcción de vivienda,F,"1,376.00",68.48,Clase media,31,"85,185.00",100%,360
Construcción de vivienda,M,902.00,51.79,Clase social,31,"48,148.00",100%,360
Construcción de vivienda,F,"1,906.00",43.78,Clase media,31,"86,860.00",100%,360
Construcción de vivienda,M,"1,227.00",46.32,Clase social,31,"48,148.00",100%,360
Construcción de vivienda,F,"1,787.00",52.66,Clase social,31,"32,333.00",97%,360
Construcción de vivienda,F,"2,018.00",34.95,Clase social,31,"32,333.00",97%,360
Construcción de vivienda,M,"1,876.00",33.79,Clase social,31,"30,741.00",97%,360
Construcción de vivienda,M,"1,076.00",40.46,Clase media,31,"93,181.00",90%,360
Construcción de vivienda,F,"1,573.00",38.87,Clase social,31,"32,222.00",96%,360
Construcción de vivienda,M,840.00,41.89,Clase social,31,"31,667.00",95%,360
Construcción de vivienda,M,"1,037.00",97.47,Clase media,31,"63,935.00",94%,360
Construcción de vivienda,F,857.00,47.85,Clase social,31,"32,693.00",97%,360
Construcción de vivienda,F,791.00,38.00,Clase social,31,"29,667.00",90%,240
Construcción de vivienda,M,"1,254.00",30.08,Clase media,31,"39,000.00",128%,360
Construcción de vivienda,M,"1,105.00",30.54,Clase social,31,"31,596.00",94%,360
Construcción de vivienda,M,"1,855.00",29.44,Clase media,31,"28,889.00",52%,360
Construcción de vivienda,M,882.00,49.14,Clase social,31,"25,926.00",85%,240
Construcción de vivienda,M,"1,928.00",36.34,Clase social,31,"25,926.00",85%,240
Construcción de vivienda,M,"1,434.00",42.67,Clase social,31,"25,926.00",85%,360
Construcción de vivienda,F,"2,022.00",46.56,Clase social,31,"32,693.00",97%,360
Construcción de vivienda,F,"2,453.00",39.53,Clase social,31,"32,693.00",97%,360
Compra de vivienda,F,"1,481.00",29.51,Clase media,31,"57,593.00",94%,360
Construcción de vivienda,M,"1,260.00",44.90,Clase media,31,"61,481.00",100%,360
Construcción de vivienda,F,"1,313.00",40.11,Clase social,31,"30,556.00",97%,360
Construcción de vivienda,M,748.00,41.24,Clase social,31,"27,963.00",83%,360
Construcción de vivienda,F,"1,745.00",54.36,Clase social,31,"48,148.00",100%,360
Construcción de vivienda,F,847.00,47.35,Clase social,31,"43,253.00",55%,360
Construcción de vivienda,M,"1,058.00",37.61,Clase social,31,"48,148.00",58%,304
Construcción de vivienda,F,926.00,25.10,Clase social,31,"48,148.00",63%,360
Construcción de vivienda,M,"1,074.00",52.70,Clase social,31,"42,593.00",49%,360
Compra de vivienda,M,"1,019.00",41.24,Clase social,31,"48,148.00",97%,360
Compra de vivienda,F,796.00,47.69,Clase social,31,"48,141.00",100%,276
Compra de vivienda,M,815.00,86.41,Clase media,31,"75,940.00",78%,360
Compra de vivienda,F,"2,426.00",70.82,Clase media,31,"148,148.00",91%,270
Compra de vivienda,F,689.00,47.33,Clase social,31,"40,741.00",47%,360
Construcción de vivienda,M,"1,481.00",33.40,Clase social,32,"48,144.00",100%,360
Construcción de vivienda,F,"1,019.00",42.24,Clase social,32,"48,148.00",100%,360
Compra de vivienda,F,"2,017.00",38.70,Clase social,32,"17,364.00",97%,360
Construcción de vivienda,M,901.00,37.70,Clase social,32,"31,980.00",95%,240
Construcción de vivienda,M,"2,103.00",41.77,Clase media,32,"53,622.00",86%,360
Construcción de vivienda,M,"2,523.00",40.68,Clase media,32,"81,572.00",79%,360
Construcción de vivienda,F,"1,673.00",31.76,Clase media,32,"55,486.00",90%,360
Compra de vivienda,F,"2,683.00",54.84,Clase media,32,"118,519.00",90%,361
Compra de vivienda,M,"2,137.00",32.54,Clase media,32,"50,000.00",90%,360
Compra de vivienda,M,"1,739.00",44.29,Clase media,32,"66,593.00",100%,360
Compra de vivienda,F,775.00,38.19,Clase social,32,"29,907.00",89%,240
Compra de vivienda,M,"1,956.00",46.44,Clase media,32,"59,259.00",84%,360
Construcción de vivienda,M,"1,351.00",55.62,Clase media,32,"68,612.00",90%,360
Construcción de vivienda,M,657.00,45.75,Clase social,32,"48,148.00",100%,360
Construcción de vivienda,M,"1,115.00",45.15,Clase social,32,"48,148.00",100%,360
Construcción de vivienda,F,"1,123.00",23.16,Clase social,32,"48,148.00",100%,360
Construcción de vivienda,M,"1,079.00",33.68,Clase social,32,"48,148.00",100%,360
Construcción de vivienda,F,963.00,36.09,Clase social,32,"48,148.00",100%,361
Construcción de vivienda,F,"2,129.00",31.20,Clase social,32,"26,987.00",81%,240
Construcción de vivienda,M,"1,463.00",41.91,Clase social,32,"32,333.00",97%,360
Construcción de vivienda,M,940.00,54.30,Clase social,32,"32,333.00",97%,360
Construcción de vivienda,M,"1,066.00",43.50,Clase social,32,"32,222.00",97%,360
Construcción de vivienda,M,"1,643.00",44.30,Clase social,32,"33,411.00",97%,360
Construcción de vivienda,M,"1,507.00",45.43,Clase social,32,"34,130.00",97%,360
Construcción de vivienda,M,"2,387.00",52.33,Clase social,32,"32,593.00",97%,300
Construcción de vivienda,F,979.00,45.24,Clase social,32,"30,593.00",92%,360
Construcción de vivienda,M,"1,358.00",43.37,Clase social,32,"32,333.00",97%,360
Compra de vivienda,F,"1,173.00",40.51,Clase media,32,"148,148.00",80%,360
Compra de vivienda,F,"3,004.00",53.51,Clase media,32,"128,741.00",100%,360
Construcción de vivienda,M,"2,309.00",30.33,Clase social,32,"31,278.00",93%,360
Construcción de vivienda,M,830.00,51.65,Clase social,32,"32,693.00",97%,360
Construcción de vivienda,F,"1,743.00",50.11,Clase social,32,"33,778.00",96%,360
Construcción de vivienda,F,"2,187.00",41.12,Clase social,32,"34,130.00",97%,360
Compra de vivienda,F,"5,090.00",50.21,Clase media,32,"130,108.00",100%,360
Compra de vivienda,F,"4,890.00",52.96,Clase media,32,"124,146.00",100%,360
Construcción de vivienda,F,"1,248.00",40.98,Clase social,32,"25,926.00",85%,240
Construcción de vivienda,M,"1,588.00",42.46,Clase social,32,"25,926.00",85%,240
Construcción de vivienda,M,"1,076.00",43.68,Clase social,32,"25,926.00",85%,360
Construcción de vivienda,F,837.00,29.16,Clase social,32,"25,926.00",85%,360
Construcción de vivienda,M,"2,041.00",53.38,Clase social,32,"25,926.00",85%,240
Construcción de vivienda,M,"1,772.00",45.15,Clase media,32,"39,000.00",90%,360
Construcción de vivienda,F,894.00,41.02,Clase social,32,"30,019.00",97%,360
Construcción de vivienda,F,"2,169.00",55.06,Clase media,32,"25,030.00",14%,240
Construcción de vivienda,F,"1,160.00",53.31,Clase social,32,"32,017.00",97%,360
Construcción de vivienda,F,"1,277.00",51.36,Clase social,32,"48,148.00",100%,360
Construcción de vivienda,M,791.00,40.05,Clase social,32,"32,080.00",96%,360
Construcción de vivienda,F,"1,088.00",24.93,Clase social,32,"48,148.00",100%,360
Compra de vivienda,F,"1,130.00",48.75,Clase media,32,"64,815.00",53%,360
Construcción de vivienda,F,"2,316.00",38.79,Clase media,32,"74,074.00",89%,366
Construcción de vivienda,F,"1,982.00",46.21,Clase media,32,"77,778.00",84%,366
Construcción de vivienda,F,815.00,31.22,Clase media,32,"37,037.00",88%,360
Construcción de vivienda,F,930.00,40.52,Clase social,32,"48,148.00",65%,360
Construcción de vivienda,F,941.00,32.72,Clase social,32,"48,148.00",93%,360
Construcción de vivienda,M,963.00,43.11,Clase social,32,"48,148.00",90%,360
Compra de vivienda,M,981.00,47.85,Clase social,32,"48,148.00",64%,360
Compra de vivienda,F,"2,918.00",35.20,Clase media,32,"133,333.00",46%,360
Compra de vivienda,F,"1,426.00",39.90,Clase media,32,"62,963.00",73%,360
Compra de vivienda,F,"1,669.00",51.26,Clase media,32,"78,329.00",60%,360
Compra de vivienda,F,992.00,43.34,Clase social,32,"48,148.00",48%,360
Compra de vivienda,F,"2,556.00",35.20,Clase media,32,"101,000.00",87%,360
Compra de vivienda,M,"2,531.00",34.44,Clase media,32,"88,992.00",98%,240
Construcción de vivienda,F,"1,359.00",50.97,Clase media,33,"78,635.00",88%,300
Construcción de vivienda,M,"1,562.00",47.86,Clase media,33,"66,670.00",100%,360
Compra de vivienda,M,"2,280.00",49.21,Clase media,33,"50,963.00",33%,401
Construcción de vivienda,M,"1,181.00",36.61,Clase social,33,"32,693.00",97%,360
Construcción de vivienda,F,"1,815.00",32.32,Clase media,33,"38,532.00",90%,360
Construcción de vivienda,F,"2,055.00",50.85,Clase media,33,"60,000.00",86%,360
Compra de vivienda,M,"1,706.00",38.08,Clase media,33,"90,000.00",78%,360
Construcción de vivienda,F,822.00,41.55,Clase social,33,"48,148.00",100%,360
Construcción de vivienda,M,870.00,33.39,Clase social,33,"48,148.00",100%,360
Construcción de vivienda,M,"2,239.00",41.55,Clase media,33,"80,926.00",100%,360
Construcción de vivienda,F,"1,285.00",27.92,Clase social,33,"48,148.00",100%,360
Compra de vivienda,M,"1,720.00",40.80,Clase media,33,"28,333.00",57%,360
Construcción de vivienda,F,"1,738.00",55.26,Clase social,33,"30,752.00",95%,360
Construcción de vivienda,M,"1,598.00",48.06,Clase social,33,"32,693.00",94%,360
Compra de vivienda,F,856.00,53.44,Clase media,33,"45,000.00",90%,360
Construcción de vivienda,M,"1,995.00",33.30,Clase social,33,"32,333.00",97%,360
Construcción de vivienda,F,"1,595.00",51.35,Clase social,33,"34,130.00",97%,360
Construcción de vivienda,M,"1,056.00",41.67,Clase social,33,"32,019.00",95%,360
Compra de vivienda,M,"1,546.00",46.37,Clase media,33,"50,000.00",75%,360
Construcción de vivienda,F,"1,188.00",38.71,Clase social,33,"33,411.00",97%,361
Construcción de vivienda,F,"2,413.00",32.36,Clase media,33,"60,741.00",90%,360
Compra de vivienda,F,"1,614.00",53.06,Clase media,33,"63,230.00",87%,360
Construcción de vivienda,F,"1,026.00",44.83,Clase media,33,"51,852.00",79%,360
Construcción de vivienda,F,608.00,28.20,Clase social,33,"19,880.00",91%,360
Construcción de vivienda,F,"2,152.00",50.96,Clase social,33,"27,778.00",94%,360
Construcción de vivienda,F,"1,759.00",33.50,Clase social,33,"16,994.00",91%,240
Construcción de vivienda,F,833.00,40.54,Clase social,33,"29,907.00",95%,360
Construcción de vivienda,M,"1,165.00",50.13,Clase social,33,"34,111.00",97%,360
Construcción de vivienda,M,"2,157.00",33.42,Clase social,33,"32,333.00",97%,360
Construcción de vivienda,M,805.00,44.23,Clase social,33,"32,593.00",97%,360
Compra de vivienda,M,900.00,29.24,Clase social,33,"48,148.00",100%,360
Construcción de vivienda,F,871.00,41.45,Clase social,33,"34,130.00",97%,360
Construcción de vivienda,M,"5,073.00",52.97,Clase media,33,"111,111.00",100%,360
Construcción de vivienda,M,979.00,38.81,Clase social,33,"48,148.00",100%,360
Construcción de vivienda,M,"1,175.00",40.08,Clase social,33,"25,926.00",85%,180
Construcción de vivienda,M,"1,523.00",43.57,Clase social,33,"25,926.00",85%,240
Construcción de vivienda,F,651.00,44.22,Clase social,33,"25,926.00",85%,324
Construcción de vivienda,F,"2,152.00",37.24,Clase social,33,"25,926.00",85%,240
Construcción de vivienda,F,598.00,30.58,Clase social,33,"25,926.00",85%,300
Construcción de vivienda,F,"1,331.00",42.82,Clase social,33,"25,926.00",85%,300
Construcción de vivienda,M,"1,161.00",46.47,Clase social,33,"25,926.00",85%,240
Construcción de vivienda,M,881.00,53.00,Clase social,33,"48,148.00",100%,360
Construcción de vivienda,F,"1,688.00",28.90,Clase social,33,"34,130.00",97%,360
Construcción de vivienda,F,561.00,48.15,Clase social,33,"29,630.00",97%,360
Construcción de vivienda,M,"2,441.00",45.57,Clase social,33,"29,630.00",97%,360
Construcción de vivienda,F,"1,097.00",26.34,Clase social,33,"37,037.00",77%,360
Construcción de vivienda,F,873.00,35.06,Clase social,33,"25,926.00",85%,240
Construcción de vivienda,M,"1,335.00",34.40,Clase media,33,"59,082.00",100%,360
Construcción de vivienda,M,"1,873.00",43.64,Clase social,33,"48,148.00",100%,360
Construcción de vivienda,M,"1,284.00",36.30,Clase social,33,"48,148.00",100%,360
Construcción de vivienda,M,"1,997.00",46.15,Clase media,33,"148,148.00",100%,360
Construcción de vivienda,M,"2,167.00",35.95,Clase media,33,"81,481.00",100%,360
Compra de vivienda,M,"1,821.00",38.67,Clase media,33,"85,333.00",90%,366
Construcción de vivienda,F,"1,100.00",47.35,Clase social,33,"48,148.00",81%,360
Construcción de vivienda,M,833.00,37.98,Clase social,33,"48,148.00",78%,360
Construcción de vivienda,M,"1,088.00",21.93,Clase social,33,"48,148.00",62%,360
Construcción de vivienda,M,859.00,54.94,Clase social,33,"48,148.00",50%,360
Construcción de vivienda,F,822.00,41.55,Clase social,33,"48,148.00",77%,360
Compra de vivienda,F,852.00,40.97,Clase social,33,"48,102.00",72%,360
Compra de vivienda,F,"1,840.00",43.33,Clase media,33,"90,471.00",40%,360
Compra de vivienda,F,881.00,56.00,Clase social,33,"48,148.00",80%,360
Compra de vivienda,M,"1,037.00",97.47,Clase media,33,"63,935.00",92%,360
Compra de vivienda,M,"1,384.00",41.19,Clase media,33,"63,704.00",54%,360
Compra de vivienda,M,"1,093.00",71.01,Clase media,33,"61,111.00",70%,360
Compra de vivienda,M,"2,500.00",50.97,Clase media,33,"145,185.00",94%,360
Compra de vivienda,M,"1,667.00",42.74,Clase media,33,"96,112.00",47%,360
Compra de vivienda,M,"1,115.00",45.15,Clase social,33,"48,148.00",49%,360
Compra de vivienda,F,822.00,42.30,Clase social,33,"48,148.00",49%,360
Construcción de vivienda,F,"2,513.00",44.80,Clase media,34,"10,000.00",73%,240
Construcción de vivienda,M,"1,380.00",46.31,Clase media,34,"55,556.00",90%,360
Compra de vivienda,M,"2,299.00",55.61,Clase media,34,"83,333.00",85%,360
Compra de vivienda,M,559.00,45.94,Clase media,34,"148,148.00",25%,360
Construcción de vivienda,F,"1,384.00",42.19,Clase media,34,"63,704.00",100%,360
Construcción de vivienda,M,"1,669.00",48.26,Clase media,34,"78,329.00",100%,360
Construcción de vivienda,M,"1,577.00",51.76,Clase media,34,"71,033.00",100%,360
Compra de vivienda,M,759.00,43.65,Clase social,34,"38,519.00",100%,240
Construcción de vivienda,F,918.00,44.96,Clase social,34,"48,143.00",100%,360
Construcción de vivienda,M,"2,220.00",37.96,Clase media,34,"41,194.00",90%,240
Compra de vivienda,M,"1,055.00",39.73,Clase social,34,"30,000.00",90%,360
Construcción de vivienda,M,"1,818.00",46.28,Clase media,34,"40,000.00",90%,360
Construcción de vivienda,F,"2,266.00",33.94,Clase social,34,"31,130.00",92%,360
Construcción de vivienda,F,"1,254.00",39.43,Clase social,34,"30,741.00",97%,360
Construcción de vivienda,M,"1,107.00",32.72,Clase social,34,"32,333.00",97%,360
Construcción de vivienda,F,"2,082.00",36.10,Clase social,34,"28,148.00",95%,276
Construcción de vivienda,F,"1,918.00",32.47,Clase media,34,"122,713.00",90%,360
Construcción de vivienda,F,"1,991.00",48.68,Clase social,34,"32,019.00",95%,360
Compra de vivienda,M,"1,420.00",45.00,Clase social,34,"32,693.00",97%,360
Compra de vivienda,F,810.00,52.95,Clase media,34,"33,333.00",70%,240
Construcción de vivienda,M,582.00,53.46,Clase social,34,"25,326.00",90%,360
Construcción de vivienda,M,927.00,45.60,Clase social,34,"31,481.00",94%,360
Construcción de vivienda,F,"2,318.00",49.32,Clase media,34,"88,224.00",86%,120
Construcción de vivienda,F,743.00,54.98,Clase social,34,"22,481.00",95%,360
Construcción de vivienda,M,"2,247.00",40.13,Clase social,34,"25,926.00",85%,240
Construcción de vivienda,M,"1,864.00",49.97,Clase social,34,"25,926.00",85%,240
Construcción de vivienda,F,"1,343.00",51.65,Clase social,34,"25,926.00",85%,240
Construcción de vivienda,F,854.00,31.85,Clase social,34,"25,926.00",85%,360
Construcción de vivienda,M,632.00,44.49,Clase social,34,"34,130.00",97%,360
Construcción de vivienda,F,868.00,54.62,Clase media,34,"32,865.00",78%,240
Construcción de vivienda,M,"2,368.00",40.54,Clase social,34,"30,587.00",97%,360
Construcción de vivienda,M,978.00,34.74,Clase media,34,"46,296.00",71%,360
Construcción de vivienda,F,"2,358.00",47.68,Clase social,34,"25,926.00",76%,360
Construcción de vivienda,M,859.00,50.01,Clase social,34,"48,148.00",100%,360
Construcción de vivienda,M,"1,296.00",53.50,Clase social,34,"48,148.00",72%,360
Compra de vivienda,M,"1,114.00",52.27,Clase social,34,"38,856.00",62%,360
Compra de vivienda,M,"1,404.00",43.15,Clase media,34,"70,370.00",51%,360
Compra de vivienda,F,"1,270.00",38.49,Clase social,34,"48,148.00",89%,360
Compra de vivienda,M,"5,090.00",47.21,Clase media,34,"130,108.00",70%,360
Compra de vivienda,F,"2,170.00",28.06,Clase media,34,"60,380.00",80%,360
Compra de vivienda,F,"3,086.00",40.03,Clase media,34,"145,606.00",94%,240
Compra de vivienda,F,757.00,45.86,Clase social,35,"27,731.00",79%,360
Compra de vivienda,F,689.00,46.33,Clase social,35,"40,741.00",98%,360
Construcción de vivienda,M,944.00,43.86,Clase media,35,"48,148.00",78%,360
Construcción de vivienda,M,"1,242.00",28.51,Clase media,35,"92,593.00",83%,360
Construcción de vivienda,F,941.00,31.72,Clase social,35,"48,148.00",100%,365
Compra de vivienda,F,841.00,40.61,Clase media,35,"32,019.00",79%,240
Construcción de vivienda,F,"2,031.00",43.07,Clase social,35,"32,012.00",97%,360
Construcción de vivienda,F,971.00,30.07,Clase social,35,"34,130.00",97%,360
Compra de vivienda,F,"2,472.00",43.99,Clase media,35,"148,072.00",100%,360
Compra de vivienda,F,599.00,37.72,Clase media,35,"31,630.00",90%,360
Construcción de vivienda,F,840.00,34.80,Clase social,35,"48,138.00",100%,360
Construcción de vivienda,M,"3,222.00",39.30,Clase media,35,"148,086.00",57%,360
Construcción de vivienda,M,992.00,40.34,Clase social,35,"48,148.00",100%,360
Construcción de vivienda,F,815.00,84.41,Clase media,35,"75,940.00",100%,360
Construcción de vivienda,F,"1,322.00",32.19,Clase social,35,"48,142.00",100%,360
Construcción de vivienda,F,"1,949.00",54.98,Clase media,35,"70,178.00",100%,360
Compra de vivienda,F,"2,161.00",43.50,Clase media,35,"18,333.00",89%,240
Construcción de vivienda,F,"1,038.00",34.76,Clase social,35,"31,130.00",92%,360
Construcción de vivienda,F,"1,248.00",47.63,Clase social,35,"32,222.00",97%,360
Construcción de vivienda,M,"1,208.00",44.84,Clase social,35,"28,148.00",95%,240
Construcción de vivienda,M,"1,193.00",39.40,Clase social,35,"32,019.00",95%,240
Construcción de vivienda,M,"1,201.00",50.92,Clase social,35,"31,667.00",95%,360
Construcción de vivienda,F,"1,744.00",37.65,Clase social,35,"32,333.00",97%,360
Construcción de vivienda,M,821.00,48.33,Clase social,35,"26,667.00",90%,240
Construcción de vivienda,M,"1,458.00",35.98,Clase social,35,"27,778.00",95%,360
Construcción de vivienda,F,"1,255.00",33.68,Clase social,35,"24,074.00",94%,360
Construcción de vivienda,M,"2,343.00",34.31,Clase social,35,"24,778.00",97%,360
Compra de vivienda,F,"1,578.00",44.83,Clase social,35,"30,333.00",87%,360
Construcción de vivienda,F,"2,098.00",36.58,Clase media,35,"36,296.00",90%,360
Construcción de vivienda,F,"2,252.00",30.13,Clase social,35,"25,926.00",85%,276
Construcción de vivienda,F,"1,006.00",35.41,Clase social,35,"25,926.00",85%,252
Construcción de vivienda,F,"1,541.00",35.45,Clase social,35,"25,926.00",85%,276
Construcción de vivienda,M,"1,829.00",28.58,Clase media,35,"42,149.00",90%,360
Construcción de vivienda,M,"1,149.00",38.84,Clase social,35,"31,256.00",97%,360
Compra de vivienda,M,"1,898.00",34.74,Clase media,35,"90,000.00",100%,360
Compra de vivienda,F,"1,319.00",52.75,Clase social,35,"29,630.00",89%,240
Compra de vivienda,M,692.00,37.73,Clase media,35,"80,337.00",82%,360
Construcción de vivienda,M,"1,048.00",31.47,Clase media,35,"122,222.00",100%,360
Construcción de vivienda,M,"1,111.00",37.98,Clase social,35,"48,145.00",83%,360
Compra de vivienda,F,"1,562.00",46.86,Clase media,35,"64,593.00",40%,360
Compra de vivienda,F,"2,778.00",41.56,Clase media,35,"148,148.00",70%,360
Compra de vivienda,F,923.00,26.12,Clase social,35,"48,148.00",48%,360
Compra de vivienda,M,"1,333.00",63.16,Clase media,35,"107,385.00",66%,360
Compra de vivienda,M,948.00,31.32,Clase social,35,"48,148.00",63%,360
Compra de vivienda,F,"4,847.00",34.96,Clase media,35,"148,148.00",43%,360
Compra de vivienda,F,"1,680.00",46.15,Clase social,36,"32,019.00",95%,360
Compra de vivienda,M,"1,064.00",36.33,Clase media,36,"48,148.00",71%,360
Construcción de vivienda,F,"1,089.00",31.36,Clase social,36,"48,148.00",100%,360
Compra de vivienda,F,"2,010.00",40.92,Clase media,36,"42,068.00",89%,360
Construcción de vivienda,M,821.00,49.30,Clase social,36,"48,148.00",100%,360
Construcción de vivienda,F,820.00,36.07,Clase media,36,"51,667.00",90%,360
Construcción de vivienda,F,"1,544.00",39.15,Clase media,36,"59,259.00",90%,360
Construcción de vivienda,M,"1,296.00",20.05,Clase social,36,"48,148.00",100%,360
Construcción de vivienda,M,883.00,54.28,Clase social,36,"48,148.00",100%,360
Construcción de vivienda,F,"2,168.00",38.90,Clase social,36,"29,630.00",90%,360
Construcción de vivienda,M,"2,176.00",42.73,Clase media,36,"33,833.00",90%,360
Construcción de vivienda,F,"1,734.00",49.33,Clase media,36,"14,815.00",39%,240
Compra de vivienda,M,815.00,34.22,Clase media,36,"37,037.00",71%,365
Construcción de vivienda,M,"1,187.00",44.35,Clase social,36,"31,648.00",95%,360
Construcción de vivienda,M,"1,151.00",51.60,Clase social,36,"22,704.00",67%,360
Construcción de vivienda,F,"2,283.00",30.43,Clase social,36,"32,019.00",95%,240
Construcción de vivienda,F,"2,200.00",33.35,Clase social,36,"27,420.00",90%,360
Compra de vivienda,F,"1,414.00",48.05,Clase social,36,"31,667.00",90%,360
Construcción de vivienda,M,983.00,42.47,Clase social,36,"26,296.00",78%,240
Construcción de vivienda,M,"2,380.00",48.66,Clase social,36,"34,130.00",97%,360
Construcción de vivienda,F,"2,073.00",45.95,Clase social,36,"28,148.00",95%,240
Construcción de vivienda,M,"2,444.00",29.54,Clase social,36,"31,667.00",95%,360
Construcción de vivienda,M,"2,222.00",51.65,Clase social,36,"32,333.00",97%,360
Construcción de vivienda,F,"1,259.00",38.34,Clase media,36,"66,617.00",100%,360
Construcción de vivienda,F,"1,048.00",37.24,Clase social,36,"25,481.00",97%,360
Construcción de vivienda,M,791.00,42.07,Clase media,36,"35,926.00",90%,360
Construcción de vivienda,F,"2,092.00",55.00,Clase social,36,"32,693.00",97%,360
Compra de vivienda,F,"2,124.00",36.01,Clase social,36,"43,253.00",90%,361
Compra de vivienda,F,923.00,53.51,Clase media,36,"30,370.00",75%,240
Compra de vivienda,M,"1,993.00",38.22,Clase media,36,"44,444.00",80%,240
Construcción de vivienda,F,"1,684.00",29.77,Clase social,36,"25,926.00",85%,360
Construcción de vivienda,M,821.00,28.38,Clase social,36,"32,593.00",97%,360
Compra de vivienda,F,674.00,39.92,Clase social,36,"22,222.00",90%,240
Construcción de vivienda,F,910.00,29.40,Clase social,36,"23,556.00",73%,240
Construcción de vivienda,M,"2,487.00",34.62,Clase media,36,"33,704.00",55%,240
Construcción de vivienda,F,"1,454.00",38.40,Clase social,36,"29,630.00",97%,360
Construcción de vivienda,M,"1,252.00",43.25,Clase social,36,"48,148.00",100%,360
Construcción de vivienda,M,"1,045.00",54.87,Clase social,36,"48,131.00",100%,360
Construcción de vivienda,F,"1,171.00",41.76,Clase media,36,"55,556.00",98%,240
Construcción de vivienda,F,"1,519.00",37.32,Clase media,36,"85,185.00",100%,360
Construcción de vivienda,M,971.00,52.20,Clase social,36,"48,148.00",63%,288
Construcción de vivienda,F,"1,037.00",23.42,Clase social,36,"48,148.00",82%,360
Construcción de vivienda,M,963.00,37.40,Clase social,36,"48,148.00",79%,360
Compra de vivienda,F,948.00,41.79,Clase social,36,"48,148.00",61%,360
Compra de vivienda,M,"1,381.00",46.16,Clase media,36,"49,954.00",94%,300
Compra de vivienda,M,"1,333.00",93.33,Clase media,36,"144,444.00",45%,360
Compra de vivienda,F,"2,963.00",49.50,Clase media,36,"148,148.00",69%,300
Compra de vivienda,F,"1,881.00",38.98,Clase media,36,"88,889.00",45%,360
Compra de vivienda,M,"1,291.00",47.99,Clase media,36,"55,333.00",76%,360
Construcción de vivienda,M,"4,847.00",36.96,Clase media,37,"148,148.00",100%,360
Compra de vivienda,F,988.00,36.97,Clase media,37,"107,333.00",40%,360
Construcción de vivienda,F,"1,560.00",47.87,Clase media,37,"40,000.00",89%,360
Compra de vivienda,F,"2,482.00",41.75,Clase media,37,"72,303.00",86%,360
Compra de vivienda,M,"2,270.00",37.01,Clase social,37,"31,630.00",90%,240
Construcción de vivienda,M,"1,093.00",68.01,Clase media,37,"61,111.00",100%,360
Construcción de vivienda,F,"1,385.00",55.00,Clase media,37,"107,385.00",100%,360
Construcción de vivienda,F,"1,752.00",31.14,Clase social,37,"48,148.00",100%,360
Construcción de vivienda,M,755.00,31.27,Clase social,37,"32,019.00",95%,240
Construcción de vivienda,M,"1,463.00",35.16,Clase media,37,"56,395.00",89%,360
Construcción de vivienda,M,"1,830.00",52.60,Clase social,37,"32,333.00",97%,360
Construcción de vivienda,F,"1,311.00",34.08,Clase social,37,"32,019.00",95%,240
Construcción de vivienda,M,913.00,33.00,Clase social,37,"48,099.00",100%,360
Construcción de vivienda,M,"1,416.00",45.98,Clase media,37,"115,556.00",100%,360
Compra de vivienda,F,876.00,33.11,Clase media,37,"30,500.00",90%,240
Construcción de vivienda,F,"2,050.00",30.30,Clase social,37,"28,148.00",95%,360
Construcción de vivienda,M,"2,319.00",54.75,Clase social,37,"30,741.00",91%,240
Construcción de vivienda,F,"1,518.00",42.06,Clase media,37,"54,963.00",90%,360
Construcción de vivienda,F,594.00,36.75,Clase media,37,"34,833.00",90%,240
Construcción de vivienda,M,"1,940.00",43.54,Clase media,37,"80,741.00",100%,360
Compra de vivienda,M,"1,052.00",36.13,Clase media,37,"124,982.00",90%,216
Construcción de vivienda,M,"2,283.00",48.24,Clase social,37,"34,130.00",97%,360
Construcción de vivienda,F,"2,401.00",41.20,Clase social,37,"33,407.00",97%,360
Construcción de vivienda,M,"1,194.00",33.96,Clase social,37,"45,556.00",100%,336
Construcción de vivienda,F,"1,861.00",31.86,Clase media,37,"38,889.00",88%,360
Construcción de vivienda,F,"1,735.00",23.97,Clase media,37,"57,037.00",99%,360
Compra de vivienda,M,"1,333.00",42.91,Clase media,37,"54,815.00",100%,360
Compra de vivienda,M,806.00,36.83,Clase media,37,"35,185.00",89%,240
Compra de vivienda,F,"2,155.00",43.21,Clase media,37,"35,185.00",89%,240
Compra de vivienda,M,"1,546.00",29.18,Clase media,37,"48,148.00",87%,360
Construcción de vivienda,M,"2,042.00",55.93,Clase social,37,"29,630.00",95%,360
Construcción de vivienda,M,"1,547.00",34.73,Clase media,37,"40,741.00",52%,360
Compra de vivienda,F,"1,426.00",41.90,Clase media,37,"62,963.00",100%,360
Construcción de vivienda,M,765.00,48.81,Clase social,37,"48,148.00",100%,240
Construcción de vivienda,M,889.00,29.28,Clase social,37,"48,148.00",48%,360
Compra de vivienda,F,"1,259.00",35.34,Clase media,37,"66,617.00",73%,360
Compra de vivienda,F,"1,105.00",50.39,Clase social,37,"47,885.00",80%,360
Compra de vivienda,F,"3,222.00",36.30,Clase media,37,"148,086.00",71%,360
Construcción de vivienda,F,984.00,41.82,Clase social,38,"48,148.00",100%,360
Compra de vivienda,F,"1,333.00",91.33,Clase media,38,"144,444.00",80%,360
Construcción de vivienda,M,921.00,34.50,Clase media,38,"62,963.00",88%,360
Construcción de vivienda,F,"1,809.00",39.44,Clase media,38,"66,667.00",90%,360
Compra de vivienda,F,"2,426.00",73.82,Clase media,38,"148,148.00",79%,270
Compra de vivienda,M,817.00,31.45,Clase social,38,"28,519.00",85%,360
Construcción de vivienda,M,"1,404.00",41.15,Clase media,38,"70,370.00",100%,360
Compra de vivienda,F,712.00,53.21,Clase media,38,"29,481.00",84%,360
Construcción de vivienda,F,"1,388.00",29.13,Clase social,38,"33,818.00",97%,360
Construcción de vivienda,M,"2,500.00",49.97,Clase media,38,"145,185.00",100%,360
Construcción de vivienda,M,"1,840.00",41.33,Clase media,38,"90,471.00",97%,360
Construcción de vivienda,F,"1,037.00",28.83,Clase social,38,"48,148.00",100%,360
Compra de vivienda,M,"3,741.00",30.32,Clase media,38,"148,148.00",84%,360
Construcción de vivienda,F,861.00,54.02,Clase social,38,"32,333.00",97%,360
Construcción de vivienda,M,"2,277.00",36.21,Clase media,38,"59,007.00",90%,360
Construcción de vivienda,M,"2,231.00",52.19,Clase social,38,"32,693.00",97%,360
Construcción de vivienda,F,"1,613.00",41.03,Clase social,38,"27,019.00",80%,360
Construcción de vivienda,F,"2,313.00",45.40,Clase social,38,"22,870.00",95%,360
Construcción de vivienda,F,"1,845.00",52.10,Clase social,38,"30,259.00",95%,360
Construcción de vivienda,F,"1,997.00",28.18,Clase media,38,"70,169.00",100%,360
Construcción de vivienda,M,"1,270.00",39.49,Clase social,38,"48,148.00",100%,360
Construcción de vivienda,M,"1,291.00",45.99,Clase media,38,"55,333.00",72%,360
Construcción de vivienda,M,670.00,47.64,Clase social,38,"32,693.00",97%,360
Construcción de vivienda,M,"1,906.00",30.27,Clase social,38,"32,693.00",97%,360
Construcción de vivienda,M,"3,086.00",42.03,Clase media,38,"145,606.00",68%,240
Construcción de vivienda,M,"1,676.00",41.26,Clase media,38,"58,667.00",70%,363
Compra de vivienda,M,"2,406.00",45.34,Clase media,38,"148,029.00",78%,362
Construcción de vivienda,M,"1,641.00",37.55,Clase media,38,"92,593.00",82%,360
Construcción de vivienda,M,852.00,31.66,Clase social,38,"48,148.00",52%,360
Compra de vivienda,M,"1,187.00",39.13,Clase social,38,"48,148.00",57%,324
Compra de vivienda,M,902.00,53.79,Clase social,38,"48,148.00",81%,360
Compra de vivienda,F,"1,144.00",52.06,Clase social,38,"47,936.00",46%,240
Compra de vivienda,F,"1,481.00",31.99,Clase media,38,"50,000.00",57%,360
Compra de vivienda,M,657.00,42.75,Clase social,38,"48,148.00",78%,360
Compra de vivienda,M,"2,472.00",44.99,Clase media,38,"148,072.00",76%,360
Construcción de vivienda,M,"2,851.00",32.64,Clase media,39,"127,723.00",76%,360
Construcción de vivienda,F,930.00,40.52,Clase social,39,"48,148.00",100%,360
Construcción de vivienda,M,"1,904.00",46.38,Clase media,39,"100,000.00",100%,360
Construcción de vivienda,F,"3,281.00",31.30,Clase media,39,"144,910.00",100%,360
Construcción de vivienda,F,"1,845.00",41.50,Clase media,39,"98,939.00",100%,360
Construcción de vivienda,F,"1,381.00",45.16,Clase media,39,"49,954.00",100%,300
Construcción de vivienda,F,"1,960.00",41.52,Clase media,39,"102,071.00",98%,360
Compra de vivienda,F,"1,366.00",48.16,Clase media,39,"16,778.00",79%,240
Construcción de vivienda,F,"2,485.00",54.25,Clase social,39,"32,333.00",97%,360
Construcción de vivienda,F,"2,501.00",53.66,Clase social,39,"30,752.00",95%,240
Construcción de vivienda,F,723.00,46.72,Clase social,39,"32,333.00",97%,360
Construcción de vivienda,M,717.00,55.94,Clase social,39,"30,333.00",90%,300
Construcción de vivienda,M,"2,319.00",39.76,Clase social,39,"34,130.00",97%,360
Construcción de vivienda,M,"2,439.00",51.20,Clase media,39,"30,000.00",90%,360
Construcción de vivienda,M,"1,627.00",43.51,Clase social,39,"33,411.00",97%,360
Construcción de vivienda,F,"3,033.00",21.28,Clase media,39,"86,056.00",100%,360
Compra de vivienda,F,"1,707.00",40.61,Clase media,39,"47,500.00",89%,360
Compra de vivienda,F,"2,902.00",38.88,Clase media,39,"140,000.00",99%,360
Construcción de vivienda,M,"2,393.00",31.67,Clase media,39,"55,556.00",88%,360
Construcción de vivienda,F,"1,133.00",34.10,Clase social,39,"24,074.00",94%,360
Construcción de vivienda,F,838.00,55.60,Clase media,39,"67,780.00",125%,360
Construcción de vivienda,M,"1,205.00",51.91,Clase social,39,"32,019.00",95%,360
Construcción de vivienda,M,843.00,50.16,Clase social,39,"34,130.00",97%,360
Construcción de vivienda,M,"2,918.00",34.20,Clase media,39,"133,333.00",100%,360
Construcción de vivienda,F,918.00,55.83,Clase social,39,"32,019.00",95%,360
Compra de vivienda,F,"2,105.00",53.44,Clase media,39,"51,593.00",66%,360
Construcción de vivienda,M,870.00,35.39,Clase social,39,"48,148.00",77%,360
Construcción de vivienda,M,"1,097.00",23.34,Clase social,39,"37,037.00",85%,360
Compra de vivienda,F,859.00,32.35,Clase social,39,"48,148.00",97%,360
Compra de vivienda,F,"2,902.00",40.88,Clase media,39,"140,000.00",96%,360
Compra de vivienda,F,900.00,32.61,Clase social,39,"48,148.00",85%,347
Construcción de vivienda,M,"2,570.00",40.57,Clase media,40,"114,573.00",100%,360
Construcción de vivienda,M,"1,338.00",49.07,Clase media,40,"55,270.00",90%,240
Construcción de vivienda,F,"1,387.00",36.85,Clase social,40,"16,667.00",51%,360
Compra de vivienda,M,916.00,33.73,Clase social,40,"48,145.00",100%,360
Construcción de vivienda,M,"1,491.00",30.58,Clase media,40,"44,673.00",89%,360
Compra de vivienda,F,"3,037.00",54.53,Clase media,40,"146,296.00",100%,360
Construcción de vivienda,M,"3,222.00",51.73,Clase media,40,"148,131.00",47%,360
Construcción de vivienda,F,663.00,32.38,Clase social,40,"32,333.00",97%,360
Compra de vivienda,F,705.00,44.53,Clase social,40,"32,000.00",92%,240
Compra de vivienda,M,"2,604.00",55.88,Clase media,40,"70,370.00",99%,360
Compra de vivienda,F,901.00,52.11,Clase media,40,"92,593.00",84%,360
Construcción de vivienda,M,689.00,32.70,Clase media,40,"64,462.00",84%,360
Construcción de vivienda,F,"1,660.00",40.76,Clase social,40,"25,926.00",85%,264
Construcción de vivienda,F,890.00,50.75,Clase social,40,"25,926.00",85%,240
Construcción de vivienda,F,"2,439.00",50.98,Clase social,40,"25,926.00",85%,240
Construcción de vivienda,M,"2,297.00",33.89,Clase social,40,"29,630.00",96%,360
Construcción de vivienda,M,"2,384.00",55.63,Clase social,40,"31,667.00",94%,360
Construcción de vivienda,M,"2,301.00",49.13,Clase social,40,"32,019.00",95%,360
Construcción de vivienda,M,714.00,53.94,Clase social,40,"32,693.00",97%,360
Construcción de vivienda,M,688.00,32.48,Clase social,40,"32,019.00",95%,252
Construcción de vivienda,F,"1,444.00",42.48,Clase social,40,"29,630.00",97%,360
Construcción de vivienda,M,"2,369.00",32.45,Clase media,40,"55,556.00",52%,360
Construcción de vivienda,M,"2,221.00",29.56,Clase media,40,"107,407.00",69%,360
Compra de vivienda,M,779.00,52.27,Clase media,40,"40,000.00",49%,360
Construcción de vivienda,F,"1,023.00",41.12,Clase social,40,"48,148.00",100%,360
Construcción de vivienda,M,"2,570.00",38.57,Clase media,40,"114,573.00",93%,360
Construcción de vivienda,M,"1,023.00",46.63,Clase social,40,"48,148.00",67%,360
Construcción de vivienda,M,"1,296.00",21.05,Clase social,40,"48,148.00",58%,360
Construcción de vivienda,F,"1,079.00",30.68,Clase social,40,"48,148.00",88%,360
Construcción de vivienda,F,844.00,55.31,Clase social,40,"48,148.00",89%,360
Construcción de vivienda,F,"1,037.00",31.83,Clase social,40,"48,148.00",50%,360
Compra de vivienda,M,"4,201.00",48.91,Clase media,40,"144,444.00",100%,240
Compra de vivienda,M,"1,577.00",48.76,Clase media,40,"71,033.00",51%,360
Compra de vivienda,M,893.00,38.60,Clase social,40,"48,148.00",87%,360
Compra de vivienda,M,"1,593.00",81.71,Clase media,40,"61,939.00",100%,360
Construcción de vivienda,F,549.00,52.65,Clase media,41,"46,335.00",90%,360
Construcción de vivienda,M,815.00,31.90,Clase social,41,"48,148.00",100%,365
Construcción de vivienda,M,"1,830.00",45.66,Clase social,41,"32,693.00",97%,360
Construcción de vivienda,F,"1,722.00",33.16,Clase media,41,"58,232.00",90%,360
Construcción de vivienda,M,"1,881.00",36.98,Clase media,41,"88,889.00",71%,360
Construcción de vivienda,F,"1,493.00",51.98,Clase media,41,"79,557.00",90%,360
Construcción de vivienda,M,979.00,54.14,Clase social,41,"32,333.00",97%,360
Construcción de vivienda,F,"2,483.00",55.28,Clase social,41,"31,667.00",95%,360
Construcción de vivienda,M,"1,504.00",49.61,Clase media,41,"30,000.00",90%,360
Construcción de vivienda,M,"1,033.00",47.00,Clase social,41,"28,993.00",95%,240
Compra de vivienda,F,"1,392.00",40.70,Clase media,41,"4,889.00",66%,180
Construcción de vivienda,F,"2,219.00",43.73,Clase social,41,"32,333.00",97%,360
Construcción de vivienda,M,"1,678.00",47.30,Clase social,41,"32,333.00",97%,240
Compra de vivienda,M,550.00,29.83,Clase media,41,"9,556.00",54%,229
Construcción de vivienda,F,982.00,64.00,Clase social,41,"48,148.00",100%,360
Construcción de vivienda,M,"1,452.00",49.15,Clase media,41,"61,741.00",99%,360
Construcción de vivienda,M,"2,321.00",48.22,Clase social,41,"31,667.00",90%,360
Construcción de vivienda,M,888.00,38.96,Clase social,41,"25,926.00",81%,120
Construcción de vivienda,M,935.00,53.17,Clase social,41,"29,630.00",97%,360
Construcción de vivienda,F,852.00,34.66,Clase social,41,"48,148.00",100%,360
Construcción de vivienda,M,819.00,32.56,Clase social,41,"48,148.00",74%,360
Compra de vivienda,M,"1,030.00",28.79,Clase social,41,"48,148.00",42%,360
Compra de vivienda,M,"4,890.00",50.96,Clase media,41,"124,146.00",88%,360
Construcción de vivienda,F,885.00,43.10,Clase media,42,"21,815.00",90%,300
Compra de vivienda,M,"1,267.00",33.34,Clase social,42,"19,630.00",65%,240
Construcción de vivienda,M,"1,046.00",50.11,Clase media,42,"143,693.00",100%,360
Compra de vivienda,M,"4,201.00",47.91,Clase media,42,"144,444.00",89%,240
Construcción de vivienda,F,964.00,43.70,Clase social,42,"48,148.00",100%,360
Construcción de vivienda,F,"1,167.00",29.88,Clase social,42,"48,148.00",100%,360
Construcción de vivienda,F,"2,395.00",54.55,Clase social,42,"30,333.00",90%,240
Construcción de vivienda,F,"2,077.00",30.32,Clase social,42,"32,333.00",97%,360
Construcción de vivienda,M,"1,699.00",29.03,Clase social,42,"30,752.00",95%,360
Construcción de vivienda,M,"1,687.00",46.98,Clase social,42,"31,667.00",95%,240
Construcción de vivienda,F,826.00,51.42,Clase social,42,"32,333.00",97%,360
Construcción de vivienda,F,"1,171.00",51.56,Clase social,42,"23,241.00",87%,360
Construcción de vivienda,F,929.00,0.00,Clase media,42,"44,446.00",85%,360
Compra de vivienda,F,"2,146.00",38.42,Clase media,42,"37,037.00",67%,240
Construcción de vivienda,M,"1,839.00",35.63,Clase media,42,"33,556.00",88%,240
Compra de vivienda,M,"2,360.00",49.26,Clase media,42,"8,519.00",81%,240
Construcción de vivienda,M,817.00,50.08,Clase social,42,"48,148.00",57%,360
Compra de vivienda,F,979.00,39.81,Clase social,42,"48,148.00",49%,360
Construcción de vivienda,M,"2,752.00",56.61,Clase media,43,"140,755.00",100%,330
Construcción de vivienda,M,"1,647.00",38.52,Clase media,43,"85,351.00",60%,360
Compra de vivienda,M,"1,938.00",50.88,Clase social,43,"28,802.00",89%,240
Construcción de vivienda,F,931.00,82.83,Clase media,43,"91,771.00",97%,360
Construcción de vivienda,F,"2,500.00",47.59,Clase social,43,"32,333.00",97%,360
Compra de vivienda,M,"1,232.00",50.87,Clase social,43,"32,333.00",97%,336
Construcción de vivienda,F,798.00,40.53,Clase social,43,"32,019.00",95%,360
Construcción de vivienda,M,"1,365.00",36.31,Clase social,43,"32,333.00",97%,300
Construcción de vivienda,F,"1,524.00",52.02,Clase social,43,"32,019.00",95%,360
Compra de vivienda,F,"1,816.00",40.64,Clase social,43,"30,537.00",91%,360
Construcción de vivienda,M,670.00,52.11,Clase media,43,"48,148.00",67%,300
Construcción de vivienda,M,"2,063.00",46.55,Clase social,43,"25,926.00",85%,360
Construcción de vivienda,F,"2,491.00",36.18,Clase media,43,"31,459.00",60%,228
Construcción de vivienda,M,"1,585.00",37.36,Clase social,43,"29,630.00",97%,360
Construcción de vivienda,M,"1,127.00",39.31,Clase social,43,"29,630.00",97%,360
Construcción de vivienda,F,"1,568.00",35.03,Clase social,43,"48,148.00",100%,360
Construcción de vivienda,F,815.00,30.90,Clase social,43,"48,148.00",64%,360
Compra de vivienda,F,"1,614.00",52.06,Clase media,43,"63,230.00",91%,360
Compra de vivienda,M,921.00,57.20,Clase media,43,"64,815.00",89%,360
Compra de vivienda,M,"1,261.00",41.05,Clase media,43,"55,605.00",71%,228
Compra de vivienda,M,"2,330.00",45.78,Clase social,44,"30,537.00",91%,300
Construcción de vivienda,F,"1,114.00",54.27,Clase social,44,"38,856.00",81%,360
Compra de vivienda,M,"1,464.00",44.41,Clase media,44,"34,512.00",84%,240
Construcción de vivienda,M,"2,468.00",50.21,Clase social,44,"32,693.00",97%,360
Construcción de vivienda,F,869.00,42.17,Clase social,44,"33,778.00",96%,360
Construcción de vivienda,M,923.00,29.12,Clase social,44,"48,148.00",100%,360
Construcción de vivienda,F,"1,881.00",52.50,Clase social,44,"25,926.00",85%,240
Construcción de vivienda,F,"1,718.00",22.55,Clase media,44,"48,148.00",100%,360
Construcción de vivienda,F,"1,187.00",40.13,Clase social,44,"48,148.00",100%,324
Construcción de vivienda,M,"2,400.00",47.94,Clase social,44,"32,693.00",97%,360
Construcción de vivienda,F,"1,933.00",46.64,Clase social,44,"32,407.00",96%,360
Compra de vivienda,F,850.00,55.79,Clase media,44,"14,815.00",52%,240
Construcción de vivienda,F,"1,037.00",25.14,Clase social,44,"48,148.00",100%,360
Construcción de vivienda,M,972.00,51.22,Clase social,44,"48,148.00",100%,360
Construcción de vivienda,F,"1,054.00",32.44,Clase social,44,"39,482.00",82%,360
Construcción de vivienda,F,"2,752.00",54.61,Clase media,44,"140,755.00",75%,330
Compra de vivienda,M,"1,898.00",35.74,Clase media,44,"90,000.00",80%,360
Compra de vivienda,F,"1,064.00",36.33,Clase media,44,"48,148.00",70%,360
Compra de vivienda,F,"1,303.00",40.40,Clase media,44,"70,178.00",85%,360
Compra de vivienda,M,"1,037.00",45.38,Clase social,44,"48,148.00",81%,360
Compra de vivienda,M,"3,033.00",21.28,Clase media,44,"86,056.00",75%,360
Compra de vivienda,M,778.00,115.67,Clase media,44,"66,593.00",50%,360
Compra de vivienda,F,"5,073.00",49.97,Clase media,44,"111,111.00",69%,360
Compra de vivienda,F,"1,481.00",32.51,Clase media,44,"57,593.00",57%,360
Construcción de vivienda,M,712.00,39.90,Clase media,45,"48,333.00",88%,360
Compra de vivienda,F,"1,736.00",29.98,Clase media,45,"113,333.00",90%,312
Construcción de vivienda,F,"1,706.00",51.87,Clase media,45,"80,000.00",88%,360
Compra de vivienda,M,"2,178.00",36.40,Clase social,45,"32,060.00",95%,180
Construcción de vivienda,F,"2,226.00",34.88,Clase media,45,"66,667.00",84%,360
Construcción de vivienda,F,"1,224.00",50.00,Clase social,45,"48,148.00",100%,360
Construcción de vivienda,M,872.00,55.90,Clase social,45,"32,019.00",95%,360
Construcción de vivienda,M,"2,470.00",33.24,Clase social,45,"30,333.00",90%,360
Construcción de vivienda,M,"2,445.00",55.79,Clase social,45,"32,333.00",97%,360
Compra de vivienda,F,569.00,42.67,Clase social,45,"32,019.00",95%,360
Compra de vivienda,M,"2,556.00",34.20,Clase media,45,"101,000.00",100%,360
Construcción de vivienda,F,"1,144.00",53.06,Clase social,45,"47,936.00",100%,240
Construcción de vivienda,F,"1,237.00",43.92,Clase social,45,"47,885.00",100%,360
Construcción de vivienda,F,"2,055.00",50.18,Clase social,45,"20,516.00",61%,360
Construcción de vivienda,M,"2,349.00",55.04,Clase media,45,"58,433.00",90%,360
Construcción de vivienda,F,721.00,51.07,Clase social,45,"33,889.00",96%,360
Construcción de vivienda,F,"1,105.00",16.83,Clase social,45,"48,148.00",100%,360
Construcción de vivienda,M,"1,114.00",23.34,Clase social,45,"37,037.00",93%,299
Compra de vivienda,M,900.00,30.24,Clase social,45,"48,148.00",96%,360
Compra de vivienda,F,"1,227.00",47.32,Clase social,45,"48,148.00",78%,360
Compra de vivienda,F,"1,415.00",44.60,Clase media,45,"61,741.00",75%,360
Construcción de vivienda,M,"1,018.00",53.22,Clase media,46,"110,000.00",89%,306
Construcción de vivienda,F,"1,412.00",28.49,Clase media,46,"56,564.00",90%,300
Construcción de vivienda,F,"1,070.00",0.00,Clase social,46,"32,222.00",96%,360
Construcción de vivienda,F,"2,161.00",36.79,Clase media,46,"40,728.00",33%,360
Compra de vivienda,F,"1,972.00",38.19,Clase media,46,"98,037.00",90%,360
Construcción de vivienda,M,"2,531.00",35.44,Clase media,46,"88,992.00",82%,240
Construcción de vivienda,F,"1,542.00",50.69,Clase social,46,"30,000.00",90%,360
Compra de vivienda,F,822.00,43.30,Clase social,46,"48,148.00",100%,360
Construcción de vivienda,F,"1,699.00",51.81,Clase social,46,"29,630.00",97%,360
Construcción de vivienda,F,"4,444.00",52.99,Clase media,46,"147,702.00",100%,360
Construcción de vivienda,F,"1,048.00",51.46,Clase social,46,"48,148.00",100%,348
Compra de vivienda,F,"2,473.00",53.02,Clase media,46,"66,296.00",100%,240
Construcción de vivienda,M,963.00,36.09,Clase social,46,"48,148.00",64%,360
Compra de vivienda,M,913.00,35.00,Clase social,46,"48,099.00",91%,360
Compra de vivienda,M,"6,302.00",53.10,Clase media,46,"146,274.00",76%,180
Compra de vivienda,M,"2,604.00",55.88,Clase media,46,"70,370.00",98%,360
Compra de vivienda,M,"1,997.00",25.18,Clase media,46,"70,169.00",78%,360
Construcción de vivienda,M,"1,375.00",33.02,Clase media,47,"48,333.00",88%,360
Construcción de vivienda,F,971.00,49.20,Clase social,47,"48,148.00",100%,288
Construcción de vivienda,M,"1,232.00",46.56,Clase media,47,"50,662.00",88%,240
Construcción de vivienda,M,900.00,31.61,Clase social,47,"48,148.00",100%,347
Construcción de vivienda,M,"1,000.00",49.92,Clase social,47,"29,630.00",97%,360
Compra de vivienda,M,816.00,53.02,Clase social,47,"48,148.00",90%,360
Construcción de vivienda,F,"2,290.00",38.76,Clase social,48,"48,148.00",100%,324
Compra de vivienda,F,796.00,48.69,Clase social,48,"48,141.00",100%,276
Construcción de vivienda,M,"2,073.00",41.47,Clase media,48,"111,111.00",82%,243
Construcción de vivienda,F,"2,493.00",47.11,Clase media,48,"65,185.00",58%,360
Construcción de vivienda,M,"1,700.00",48.03,Clase media,48,"107,407.00",80%,240
Construcción de vivienda,F,736.00,28.29,Clase media,48,"75,185.00",90%,360
Construcción de vivienda,M,"1,037.00",25.89,Clase social,48,"48,148.00",100%,336
Construcción de vivienda,F,"1,928.00",29.06,Clase media,48,"30,000.00",90%,360
Construcción de vivienda,M,"2,061.00",30.53,Clase social,48,"28,148.00",95%,240
Construcción de vivienda,F,"1,597.00",51.54,Clase social,48,"32,333.00",97%,360
Construcción de vivienda,M,"2,117.00",36.56,Clase social,48,"32,333.00",97%,360
Construcción de vivienda,F,"1,840.00",53.76,Clase social,48,"28,333.00",90%,360
Compra de vivienda,M,"2,724.00",53.34,Clase media,48,"48,148.00",87%,240
Construcción de vivienda,M,"1,318.00",50.74,Clase media,48,"48,148.00",88%,360
Compra de vivienda,M,"3,037.00",56.53,Clase media,48,"146,296.00",92%,360
Construcción de vivienda,F,"1,111.00",39.40,Clase social,49,"48,148.00",100%,264
Compra de vivienda,F,"1,756.00",55.66,Clase social,49,"34,107.00",97%,360
Construcción de vivienda,M,650.00,30.80,Clase media,49,"40,018.00",90%,360
Construcción de vivienda,F,970.00,51.19,Clase social,49,"32,333.00",97%,360
Construcción de vivienda,M,869.00,48.48,Clase media,49,"59,176.00",90%,360
Construcción de vivienda,F,"1,025.00",35.61,Clase social,49,"25,926.00",85%,288
Construcción de vivienda,M,"1,111.00",34.99,Clase social,49,"32,019.00",95%,360
Compra de vivienda,M,"2,385.00",35.17,Clase social,49,"31,481.00",95%,360
Compra de vivienda,M,"1,960.00",42.52,Clase media,49,"102,071.00",94%,360
Compra de vivienda,M,"1,292.00",37.45,Clase media,49,"66,623.00",67%,324
Compra de vivienda,F,"1,494.00",55.86,Clase media,50,"25,481.00",52%,360
Construcción de vivienda,M,"2,096.00",29.65,Clase media,50,"53,333.00",93%,240
Construcción de vivienda,M,"2,963.00",52.50,Clase media,50,"148,148.00",73%,300
Construcción de vivienda,F,"1,860.00",40.15,Clase social,50,"32,333.00",97%,240
Construcción de vivienda,F,"1,286.00",37.95,Clase media,50,"33,833.00",90%,240
Compra de vivienda,M,"1,956.00",36.03,Clase media,50,"44,444.00",80%,240
Construcción de vivienda,M,"1,058.00",40.61,Clase social,50,"48,148.00",100%,304
Compra de vivienda,F,931.00,82.83,Clase media,50,"91,771.00",56%,360
Compra de vivienda,F,"2,091.00",39.21,Clase social,51,"26,667.00",89%,360
Construcción de vivienda,F,"1,280.00",45.40,Clase media,51,"107,407.00",76%,360
Construcción de vivienda,M,"1,452.00",39.06,Clase social,51,"29,907.00",95%,240
Compra de vivienda,F,773.00,45.74,Clase social,51,"46,296.00",96%,288
Construcción de vivienda,F,"2,213.00",53.91,Clase social,51,"19,630.00",83%,360
Compra de vivienda,F,"6,302.00",53.10,Clase media,51,"144,844.00",98%,180
Construcción de vivienda,F,"1,114.00",22.34,Clase social,51,"37,037.00",78%,240
Construcción de vivienda,F,903.00,41.68,Clase social,51,"29,857.00",97%,360
Compra de vivienda,F,"1,333.00",43.91,Clase media,51,"54,815.00",89%,360
Construcción de vivienda,F,"1,227.00",28.60,Clase social,52,"28,746.00",95%,240
Compra de vivienda,M,653.00,54.42,Clase social,52,"28,261.00",95%,240
Construcción de vivienda,F,"2,064.00",29.06,Clase media,52,"33,833.00",90%,240
Compra de vivienda,F,"1,806.00",43.87,Clase social,52,"31,481.00",95%,360
Construcción de vivienda,M,"2,049.00",39.68,Clase social,52,"29,630.00",97%,360
Construcción de vivienda,F,"1,277.00",48.36,Clase social,52,"48,148.00",93%,360
Compra de vivienda,F,982.00,67.00,Clase social,52,"48,148.00",65%,360
Compra de vivienda,M,"1,614.00",29.07,Clase media,53,"25,000.00",87%,360
Construcción de vivienda,F,"1,339.00",36.73,Clase media,53,"30,000.00",89%,360
Construcción de vivienda,F,555.00,31.05,Clase media,53,"50,588.00",90%,300
Compra de vivienda,M,821.00,48.30,Clase social,53,"48,148.00",46%,360
Compra de vivienda,M,"1,259.00",81.43,Clase media,53,"80,742.00",56%,360
Compra de vivienda,F,"1,889.00",46.76,Clase media,54,"27,473.00",90%,240
Construcción de vivienda,F,669.00,30.72,Clase social,54,"32,333.00",97%,348
Construcción de vivienda,F,"1,717.00",51.35,Clase social,54,"34,130.00",97%,240
Construcción de vivienda,F,"1,340.00",53.16,Clase social,54,"32,014.00",95%,360
Compra de vivienda,M,"3,004.00",50.51,Clase media,54,"128,741.00",74%,360
Construcción de vivienda,F,"2,199.00",34.54,Clase media,55,"38,630.00",83%,336
Construcción de vivienda,M,"2,039.00",36.90,Clase media,55,"11,481.00",50%,240
Construcción de vivienda,M,"1,265.00",42.85,Clase media,55,"18,519.00",43%,180
Construcción de vivienda,M,"2,027.00",37.49,Clase social,55,"25,926.00",85%,240
Construcción de vivienda,F,"1,284.00",39.30,Clase social,55,"48,148.00",48%,360
Compra de vivienda,F,"1,974.00",40.28,Clase social,56,"30,611.00",92%,324
Construcción de vivienda,M,"1,490.00",46.31,Clase media,56,"86,126.00",89%,312
Construcción de vivienda,F,"1,568.00",38.51,Clase social,56,"32,333.00",97%,360
Compra de vivienda,F,"2,421.00",34.11,Clase media,57,"66,667.00",85%,312
Construcción de vivienda,F,"1,261.00",44.05,Clase media,57,"55,605.00",100%,231
Compra de vivienda,F,"2,139.00",42.93,Clase media,58,"100,000.00",85%,312
Compra de vivienda,M,"1,318.00",35.52,Clase media,58,"46,296.00",89%,300
Construcción de vivienda,F,"1,628.00",35.07,Clase social,58,"31,667.00",94%,312
Construcción de vivienda,F,"1,091.00",45.35,Clase social,58,"34,130.00",97%,240
Compra de vivienda,F,"1,460.00",0.00,Clase media,59,"40,338.00",81%,300
Compra de vivienda,M,"1,177.00",48.06,Clase media,60,"56,833.00",83%,240
Construcción de vivienda,F,904.00,35.48,Clase media,60,"27,778.00",80%,288
Compra de vivienda,M,"1,393.00",47.29,Clase social,64,"28,741.00",97%,240
Construcción de vivienda,F,"2,287.00",34.31,Clase media,65,"27,805.00",79%,240
Construcción de vivienda,M,"2,207.00",50.36,Clase media,67,"48,167.00",90%,204
Compra de vivienda,M,926.00,30.07,Clase social,67,"48,148.00",78%,360
Compra de vivienda,F,"2,071.00",44.69,Clase media,71,"37,037.00",67%,180
Compra de vivienda,F,"2,267.00",38.02,Clase media,71,"44,444.00",80%,144
